Workbook

Sheet source_cprd_aurum
A1: description | B1: PSSRU cost | C1: Unit type | D1: Source in PSSRU | E1: Band (source/assumption) | F1: category | G1: Expected mean duration consultation by Lindsey | H1: unit_cost_encounter | I1: Notes
A2: Asst. Clinical Medical Officer | B2: 3.7 | C2: per minute | D2: Table 9.4.2 “Unit costs for a GP” – Cost per minute of patient contact (without qualification) | F2: Medic non-GP | G2: 15 | H2: =G2*B2 -> 55.5 | I2: GF assigned category
A3: Hospital Practitioner | B3: 3.7 | C3: per minute | D3: Table 9.4.2 “Unit costs for a GP” – Cost per minute of patient contact (without qualification) | F3: Medic non-GP | G3: 15 | H3: =G3*B3 -> 55.5 | I3: GF assigned category
A4: Practitioner | B4: 3.7 | C4: per minute | D4: Table 9.4.2 “Unit costs for a GP” – Cost per minute of patient contact (without qualification) | F4: Medic non-GP | G4: 15 | H4: =G4*B4 -> 55.5 | I4: GF assigned category
A5: System Worker | B5: 39 | C5: hourly | D5: Table 8.2.1 “Annual and unit costs for community-based scientific & professional staff” – Cost per working hour (without qualification) | E5: Table 8.1 “Agenda for Change bands for scientific & professional staff” – assumed Band 4 System Worker | F5: Non-registered other | G5: 5 | H5: =(B5/60)*G5 -> 3.25 | I5: GF assigned category and duration
A6: Multi Therapist Specialist Practitioner | B6: 77 | C6: hourly | D6: Table 8.2.1 “Annual and unit costs for community-based scientific & professional staff” – Cost per working hour (without qualification) | E6: Table 8.1 “Agenda for Change bands for scientific & professional staff” – assumed Band 8a Therapy principal (multi) | F6: AHP | G6: 15 | H6: =(B6/60)*G6 -> 19.25 | I6: GF assigned category
A7: Officer | B7: 30238 | C7: annual | D7: Table 12.2.5 “Mean annual basic pay per FTE for NHS staff groups” – Admin & Clerical | F7: Non-registered other | G7: 5 | H7: =(B7/((52*37.5)-217.5-60)/60)*G7 -> 1.5066268 | I7: based on 52 weeks, 37.5hrs pw, annual leave (217.5, based on 29 days which corresponds to NHS employees with 5 to 10 years of service) and bank holidays (8 days) / GF assigned category and duration
A8: Patient Welfare Officer | B8: 30238 | C8: annual | D8: Table 12.2.5 “Mean annual basic pay per FTE for NHS staff groups” – Admin & Clerical | F8: Non-registered other | G8: 15 | H8: =(B8/((52*37.5)-217.5-60)/60)*G8 -> 4.5198804 | I8: based on 52 weeks, 37.5hrs pw, annual leave (217.5, based on 29 days which corresponds to NHS employees with 5 to 10 years of service) and bank holidays (8 days) / GF assigned category and duration
A9: Caldicott Guardian | B9: 90859 | C9: annual | D9: Table 12.2.5 “Mean annual basic pay per FTE for NHS staff groups” – Senior managers | F9: Medic non-GP | G9: 5 | H9: =(B9/((52*37.5)-217.5-60)/60)*G9 -> 4.5271051 | I9: based on 52 weeks, 37.5hrs pw, annual leave (217.5, based on 29 days which corresponds to NHS employees with 5 to 10 years of service) and bank holidays (8 days) / GF assigned category and duration
A10: Ward Manager | B10: 69 | C10: hourly | D10: Table 9.2.1 “Annual and unit costs for qualified nurses” – Cost per working hour (without qualification) | E10: Band 7 from Table 11.2.1 “Agenda for Change (AfC) bands for hospital-based nurses” – mapped title | F10: Admin | G10: 10 | H10: =(B10/60)*G10 -> 11.5 | I10: GF assigned category
A11: Analyst | B11: 30238 | C11: annual | D11: Table 12.2.5 “Mean annual basic pay per FTE for NHS staff groups” – Admin & Clerical | F11: Admin | G11: 5 | H11: =(B11/((52*37.5)-217.5-60)/60)*G11 -> 1.5066268 | I11: based on 52 weeks, 37.5hrs pw, annual leave (217.5, based on 29 days which corresponds to NHS employees with 5 to 10 years of service) and bank holidays (8 days) / GF assigned duration
A12: Appointments Clerk | B12: 30238 | C12: annual | D12: Table 12.2.5 “Mean annual basic pay per FTE for NHS staff groups” – Admin & Clerical | F12: Admin | G12: 1 | H12: =(B12/((52*37.5)-217.5-60)/60)*G12 -> 0.30132536 | I12: based on 52 weeks, 37.5hrs pw, annual leave (217.5, based on 29 days which corresponds to NHS employees with 5 to 10 years of service) and bank holidays (8 days)
A13: Availability Monitor | B13: 30238 | C13: annual | D13: Table 12.2.5 “Mean annual basic pay per FTE for NHS staff groups” – Admin & Clerical | F13: Admin | G13: 1 | H13: =(B13/((52*37.5)-217.5-60)/60)*G13 -> 0.30132536 | I13: based on 52 weeks, 37.5hrs pw, annual leave (217.5, based on 29 days which corresponds to NHS employees with 5 to 10 years of service) and bank holidays (8 days)
A14: Call Operator | B14: 30238 | C14: annual | D14: Table 12.2.5 “Mean annual basic pay per FTE for NHS staff groups” – Admin & Clerical | F14: Admin | G14: 2 | H14: =(B14/((52*37.5)-217.5-60)/60)*G14 -> 0.60265072 | I14: based on 52 weeks, 37.5hrs pw, annual leave (217.5, based on 29 days which corresponds to NHS employees with 5 to 10 years of service) and bank holidays (8 days)
A15: Clerical Worker | B15: 30238 | C15: annual | D15: Table 12.2.5 “Mean annual basic pay per FTE for NHS staff groups” – Admin & Clerical | F15: Admin | G15: 5 | H15: =(B15/((52*37.5)-217.5-60)/60)*G15 -> 1.5066268 | I15: based on 52 weeks, 37.5hrs pw, annual leave (217.5, based on 29 days which corresponds to NHS employees with 5 to 10 years of service) and bank holidays (8 days)
A16: Clinical Application Administrator | B16: 30238 | C16: annual | D16: Table 12.2.5 “Mean annual basic pay per FTE for NHS staff groups” – Admin & Clerical | F16: Admin | G16: 1 | H16: =(B16/((52*37.5)-217.5-60)/60)*G16 -> 0.30132536 | I16: based on 52 weeks, 37.5hrs pw, annual leave (217.5, based on 29 days which corresponds to NHS employees with 5 to 10 years of service) and bank holidays (8 days)
A17: Clinical Coder | B17: 30238 | C17: annual | D17: Table 12.2.5 “Mean annual basic pay per FTE for NHS staff groups” – Admin & Clerical | F17: Admin | G17: 1 | H17: =(B17/((52*37.5)-217.5-60)/60)*G17 -> 0.30132536 | I17: based on 52 weeks, 37.5hrs pw, annual leave (217.5, based on 29 days which corresponds to NHS employees with 5 to 10 years of service) and bank holidays (8 days)
A18: Community Administrator | B18: 30238 | C18: annual | D18: Table 12.2.5 “Mean annual basic pay per FTE for NHS staff groups” – Admin & Clerical | F18: Admin | G18: 10 | H18: =(B18/((52*37.5)-217.5-60)/60)*G18 -> 3.0132536 | I18: based on 52 weeks, 37.5hrs pw, annual leave (217.5, based on 29 days which corresponds to NHS employees with 5 to 10 years of service) and bank holidays (8 days)
A19: Desktop Support Administrator | B19: 30238 | C19: annual | D19: Table 12.2.5 “Mean annual basic pay per FTE for NHS staff groups” – Admin & Clerical | F19: Admin | G19: 1 | H19: =(B19/((52*37.5)-217.5-60)/60)*G19 -> 0.30132536 | I19: based on 52 weeks, 37.5hrs pw, annual leave (217.5, based on 29 days which corresponds to NHS employees with 5 to 10 years of service) and bank holidays (8 days)
A20: Desktop Support Technician | B20: 30238 | C20: annual | D20: Table 12.2.5 “Mean annual basic pay per FTE for NHS staff groups” – Admin & Clerical | F20: Admin | G20: 1 | H20: =(B20/((52*37.5)-217.5-60)/60)*G20 -> 0.30132536 | I20: based on 52 weeks, 37.5hrs pw, annual leave (217.5, based on 29 days which corresponds to NHS employees with 5 to 10 years of service) and bank holidays (8 days)
A21: Health Records Administrator | B21: 30238 | C21: annual | D21: Table 12.2.5 “Mean annual basic pay per FTE for NHS staff groups” – Admin & Clerical | F21: Admin | G21: 10 | H21: =(B21/((52*37.5)-217.5-60)/60)*G21 -> 3.0132536 | I21: based on 52 weeks, 37.5hrs pw, annual leave (217.5, based on 29 days which corresponds to NHS employees with 5 to 10 years of service) and bank holidays (8 days)
A22: Health Records Clerk | B22: 30238 | C22: annual | D22: Table 12.2.5 “Mean annual basic pay per FTE for NHS staff groups” – Admin & Clerical | F22: Admin | G22: 10 | H22: =(B22/((52*37.5)-217.5-60)/60)*G22 -> 3.0132536 | I22: based on 52 weeks, 37.5hrs pw, annual leave (217.5, based on 29 days which corresponds to NHS employees with 5 to 10 years of service) and bank holidays (8 days)
... A48: Senior Manager | B48: 90859 | C48: annual | D48: Table 12.2.5 “Mean annual basic pay per FTE for NHS staff groups” – Senior managers | F48: Admin | G48: 10 | H48: =(B48/((52*37.5)-217.5-60)/60)*G48 -> 9.0542103 | I48: based on 52 weeks, 37.5hrs pw, annual leave (217.5, based on 29 days which corresponds to NHS employees with 5 to 10 years of service) and bank holidays (8 days)
A49: Radiologist | B49: 3.7 | C49: per minute | D49: Table 9.4.2 “Unit costs for a GP” – Cost per minute of patient contact (without qualification) | F49: AHP | G49: 20 | H49: =G49*B49 -> 74
A50: Technician - Healthcare Scientists | B50: 39 | C50: hourly | D50: Table 8.2.1 “Annual and unit costs for community-based scientific & professional staff” – Cost per working hour (without qualification) | E50: Table 8.1 “Agenda for Change bands for scientific & professional staff” – assumed Band 4 Healthcare science technician | F50: AHP | G50: 10 | H50: =(B50/60)*G50 -> 6.5
A51: Audiologist | B51: 44 | C51: hourly | D51: Table 8.2.1 “Annual and unit costs for community-based scientific & professional staff” – Cost per working hour (without qualification) | E51: Table 8.1 “Agenda for Change bands for scientific & professional staff” – assumed Band 5 Audiologist | F51: AHP | G51: 20 | H51: =(B51/60)*G51 -> 14.666667
A52: Biomedical Scientist | B52: 44 | C52: hourly | D52: Table 8.2.1 “Annual and unit costs for community-based scientific & professional staff” – Cost per working hour (without qualification) | E52: Table 8.1 “Agenda for Change bands for scientific & professional staff” – assumed Band 5 Biomedical Scientist | F52: AHP | G52: 20 | H52: =(B52/60)*G52 -> 14.666667
A53: Chiropodist/Podiatrist | B53: 44 | C53: hourly | D53: Table 8.2.1 “Annual and unit costs for community-based scientific & professional staff” – Cost per working hour (without qualification) | E53: Table 12.3.4 “Agenda for Change Bands for Chiropodists/Podiatrists” – Band 5 Podiatrist | F53: AHP | G53: 20 | H53: =(B53/60)*G53 -> 14.666667
A54: Dietitian | B54: 44 | C54: hourly | D54: Table 8.2.1 “Annual and unit costs for community-based scientific & professional staff” – Cost per working hour (without qualification) | E54: Table 8.1 “Agenda for Change bands for scientific & professional staff” – assumed Band 5 Dietitian | F54: AHP | G54: 20 | H54: =(B54/60)*G54 -> 14.666667
A55: Occupational Therapist | B55: 44 | C55: hourly | D55: Table 8.2.1 “Annual and unit costs for community-based scientific & professional staff” – Cost per working hour (without qualification) | E55: Table 12.3.2 “Agenda for Change Bands for Occupational Therapists” – Band 5 Occupational Therapist | F55: AHP | G55: 20 | H55: =(B55/60)*G55 -> 14.666667
A56: Osteopath | B56: 44 | C56: hourly | D56: Table 8.2.1 “Annual and unit costs for community-based scientific & professional staff” – Cost per working hour (without qualification) | E56: Table 8.1 “Agenda for Change bands for scientific & professional staff” – assumed Band 5 Osteopath | F56: AHP | G56: 20 | H56: =(B56/60)*G56 -> 14.666667
A57: Paramedic | B57: 44 | C57: hourly | D57: Table 8.2.1 “Annual and unit costs for community-based scientific & professional staff” – Cost per working hour (without qualification) | E57: Table 8.1 “Agenda for Change bands for scientific & professional staff” – assumed Band 5 Paramedic (treated as AHP) | F57: AHP | G57: 20 | H57: =(B57/60)*G57 -> 14.666667
A58: Physiotherapist | B58: 44 | C58: hourly | D58: Table 8.2.1 “Annual and unit costs for community-based scientific & professional staff” – Cost per working hour (without qualification) | E58: Table 12.3.1 “Agenda for Change Bands for Physiotherapists” – Band 5 Physiotherapist | F58: AHP | G58: 20 | H58: =(B58/60)*G58 -> 14.666667
A59: Radiographer | B59: 44 | C59: hourly | D59: Table 8.2.1 “Annual and unit costs for community-based scientific & professional staff” – Cost per working hour (without qualification) | E59: Table 8.1 “Agenda for Change bands for scientific & professional staff” – assumed Band 5 Radiographer | F59: AHP | G59: 20 | H59: =(B59/60)*G59 -> 14.666667
A60: Radiographer - Diagnostic | B60: 44 | C60: hourly | D60: Table 8.2.1 “Annual and unit costs for community-based scientific & professional staff” – Cost per working hour (without qualification) | E60: Table 8.1 “Agenda for Change bands for scientific & professional staff” – assumed Band 5 Radiographer (diagnostic) | F60: AHP | G60: 20 | H60: =(B60/60)*G60 -> 14.666667
A61: Chiropodist/Podiatrist Specialist Practitioner | B61: 57 | C61: hourly | D61: Table 8.2.1 “Annual and unit costs for community-based scientific & professional staff” – Cost per working hour (without qualification) | E61: Table 12.3.4 “Agenda for Change Bands for Chiropodists/Podiatrists” – Band 6 Podiatrist specialist | F61: AHP | G61: 15 | H61: =(B61/60)*G61 -> 14.25
... A82: Paramedic Manager | B82: 106 | C82: hourly | D82: Table 8.2.1 “Annual and unit costs for community-based scientific & professional staff” – Cost per working hour (without qualification) | E82: Table 8.1 “Agenda for Change bands for scientific & professional staff” – assumed Band 8c Paramedic Manager | F82: AHP | G82: 20 | H82: =(B82/60)*G82 -> 35.333333
A83: Pre-reg Pharmacist | B83: 27214 | C83: annual | D83: Table 12.2.1 “Mean annual basic pay per FTE for non‑medical occupational groupings” – Nursing, midwifery and health visiting learners | F83: AHP | G83: 20 | H83: =(B83/((52*37.5)-217.5-60)/60)*G83 -> 5.4238166 | I83: based on 52 weeks, 37.5hrs pw, annual leave (217.5, based on 29 days which corresponds to NHS employees with 5 to 10 years of service) and bank holidays (8 days)
A84: Student Physiotherapist | B84: 27214 | C84: annual | D84: Table 12.2.1 “Mean annual basic pay per FTE for non‑medical occupational groupings” – Nursing, midwifery and health visiting learners | F84: AHP | G84: 20 | H84: =(B84/((52*37.5)-217.5-60)/60)*G84 -> 5.4238166 | I84: based on 52 weeks, 37.5hrs pw, annual leave (217.5, based on 29 days which corresponds to NHS employees with 5 to 10 years of service) and bank holidays (8 days)
A85: Regional Dental Officer | B85: 62428 | C85: annual | D85: Table 12.2.5 “Mean annual basic pay per FTE for NHS staff groups” – Managers | F85: Dental | G85: 20 | H85: =(B85/((52*37.5)-217.5-60)/60)*G85 -> 12.442053 | I85: based on 52 weeks, 37.5hrs pw, annual leave (217.5, based on 29 days which corresponds to NHS employees with 5 to 10 years of service) and bank holidays (8 days)
A86: Clinical Director - Medical | B86: 3.7 | C86: per minute | D86: Table 9.4.2 “Unit costs for a GP” – Cost per minute of patient contact (without qualification) | F86: Medic non-GP | G86: 15 | H86: =G86*B86 -> 55.5
A87: Clinical Medical Officer | B87: 3.7 | C87: per minute | D87: Table 9.4.2 “Unit costs for a GP” – Cost per minute of patient contact (without qualification) | F87: Medic non-GP | G87: 15 | H87: =G87*B87 -> 55.5
A88: Deputising Doctor | B88: 3.7 | C88: per minute | D88: Table 9.4.2 “Unit costs for a GP” – Cost per minute of patient contact (without qualification) | F88: Medic non-GP | G88: 15 | H88: =G88*B88 -> 55.5
A89: GP Registrar | B89: 3.7 | C89: per minute | D89: Table 9.4.2 “Unit costs for a GP” – Cost per minute of patient contact (without qualification) | F89: GP | G89: 15 | H89: =G89*B89 -> 55.5
A90: General Medical Practitioner | B90: 3.7 | C90: per minute | D90: Table 9.4.2 “Unit costs for a GP” – Cost per minute of patient contact (without qualification) | F90: GP | G90: 15 | H90: =G90*B90 -> 55.5
A91: House Officer - Post Registration | B91: 3.7 | C91: per minute | D91: Table 9.4.2 “Unit costs for a GP” – Cost per minute of patient contact (without qualification) | F91: Medic non-GP | G91: 15 | H91: =G91*B91 -> 55.5
A92: House Officer - Pre Registration | B92: 3.7 | C92: per minute | D92: Table 9.4.2 “Unit costs for a GP” – Cost per minute of patient contact (without qualification) | F92: Medic non-GP | G92: 15 | H92: =G92*B92 -> 55.5
A93: Locum GP | B93: 3.7 | C93: per minute | D93: Table 9.4.2 “Unit costs for a GP” – Cost per minute of patient contact (without qualification) | F93: GP | G93: 15 | H93: =G93*B93 -> 55.5
A94: Medical Director | B94: 3.7 | C94: per minute | D94: Table 9.4.2 “Unit costs for a GP” – Cost per minute of patient contact (without qualification) | F94: Medic non-GP | G94: 15 | H94: =G94*B94 -> 55.5
A95: Salaried General Practitioner | B95: 3.7 | C95: per minute | D95: Table 9.4.2 “Unit costs for a GP” – Cost per minute of patient contact (without qualification) | F95: GP | G95: 15 | H95: =G95*B95 -> 55.5
A96: Senior House Officer | B96: 3.7 | C96: per minute | D96: Table 9.4.2 “Unit costs for a GP” – Cost per minute of patient contact (without qualification) | F96: Medic non-GP | G96: 15 | H96: =G96*B96 -> 55.5
A97: Sessional GP | B97: 3.7 | C97: per minute | D97: Table 9.4.2 “Unit costs for a GP” – Cost per minute of patient contact (without qualification) | F97: GP | G97: 15 | H97: =G97*B97 -> 55.5
... A99: Trust Grade Doctor - SHO level | B99: 3.7 | C99: per minute | D99: Table 9.4.2 “Unit costs for a GP” – Cost per minute of patient contact (without qualification) | F99: Medic non-GP | G99: 15 | H99: =G99*B99 -> 55.5
A100: Medical Student | B100: 27214 | C100: annual | D100: Table 12.2.1 “Mean annual basic pay per FTE for non‑medical occupational groupings” – Nursing, midwifery and health visiting learners | F100: Medic non-GP | G100: 20 | H100: =(B100/((52*37.5)-217.5-60)/60)*G100 -> 5.4238166 | I100: based on 52 weeks, 37.5hrs pw, annual leave (217.5, based on 29 days which corresponds to NHS employees with 5 to 10 years of service) and bank holidays (8 days)
A101: Researcher | B101: 44 | C101: hourly | D101: Table 8.2.1 “Annual and unit costs for community-based scientific & professional staff” – Cost per working hour (without qualification) | E101: Table 8.1 “Agenda for Change bands for scientific & professional staff” – assumed Band 5 Researcher | F101: Non-registered other | G101: 20 | H101: =(B101/60)*G101 -> 14.666667 | I101: GF assigned category
A102: Consultant | B102: 3.7 | C102: per minute | D102: Table 9.4.2 “Unit costs for a GP” – Cost per minute of patient contact (without qualification) | F102: Medic non-GP | G102: 15 | H102: =G102*B102 -> 55.5 | I102: GF assigned category
A103: Clinical Director | B103: 62428 | C103: annual | D103: Table 12.2.5 “Mean annual basic pay per FTE for NHS staff groups” – Managers | F103: Medic non-GP | G103: 5 | H103: =(B103/((52*37.5)-217.5-60)/60)*G103 -> 3.1105132 | I103: based on 52 weeks, 37.5hrs pw, annual leave (217.5, based on 29 days which corresponds to NHS employees with 5 to 10 years of service) and bank holidays (8 days) / GF assigned category
A104: Associate Practitioner - General Practitioner | B104: 3.7 | C104: per minute | D104: Table 9.4.2 “Unit costs for a GP” – Cost per minute of patient contact (without qualification) | F104: GP | G104: 20 | H104: =G104*B104 -> 74
A105: Associate Specialist | B105: 3.7 | C105: per minute | D105: Table 9.4.2 “Unit costs for a GP” – Cost per minute of patient contact (without qualification) | F105: Non-registered other | G105: 20 | H105: =G105*B105 -> 74
A106: Community Practitioner | B106: 3.7 | C106: per minute | D106: Table 9.4.2 “Unit costs for a GP” – Cost per minute of patient contact (without qualification) | F106: Non-registered other | G106: 20 | H106: =G106*B106 -> 74
A107: Assistant GP | B107: 39 | C107: hourly | D107: Table 8.2.1 “Annual and unit costs for community-based scientific & professional staff” – Cost per working hour (without qualification) | E107: Table 8.1 “Agenda for Change bands for scientific & professional staff” – assumed Band 4 Assistant practitioner | F107: Non-registered other | G107: 15 | H107: =(B107/60)*G107 -> 9.75
A108: Assistant Practitioner | B108: 39 | C108: hourly | D108: Table 8.2.1 “Annual and unit costs for community-based scientific & professional staff” – Cost per working hour (without qualification) | E108: Table 8.1 “Agenda for Change bands for scientific & professional staff” – assumed Band 4 Assistant Practitioner | F108: Non-registered other | G108: 20 | H108: =(B108/60)*G108 -> 13
A109: Associate Practitioner | B109: 39 | C109: hourly | D109: Table 9.2.1 “Annual and unit costs for qualified nurses” – Cost per working hour (without qualification) | E109: Band 4 from Table 11.2.1 – mapped title | F109: Non-registered other | G109: 20 | H109: =(B109/60)*G109 -> 13
A110: Medical Technical Officer - Pharmacy | B110: 39 | C110: hourly | D110: Table 8.2.1 “Annual and unit costs for community-based scientific & professional staff” – Cost per working hour (without qualification) | E110: Table 12.3.6 “Agenda for Change Bands for Pharmacists” – Band 4 Pharmacy technician | F110: Non-registered other | G110: 20 | H110: =(B110/60)*G110 -> 13
A111: Trainee Practitioner | B111: 39 | C111: hourly | D111: Table 8.2.1 “Annual and unit costs for community-based scientific & professional staff” – Cost per working hour (without qualification) | E111: Table 8.1 “Agenda for Change bands for scientific & professional staff” – assumed Band 4 Trainee practitioner | F111: Non-registered other | G111: 20 | H111: =(B111/60)*G111 -> 13
A112: Counsellor | B112: 44 | C112: hourly | D112: Table 8.2.1 “Annual and unit costs for community-based scientific & professional staff” – Cost per working hour (without qualification) | E112: Table 12.3.5 “Agenda for Change Bands for Psychologists” – Band 5 Counsellor (entry level) | F112: Non-registered other | G112: 20 | H112: =(B112/60)*G112 -> 14.666667
A113: Healthcare Scientist | B113: 44 | C113: hourly | D113: Table 8.2.1 “Annual and unit costs for community-based scientific & professional staff” – Cost per working hour (without qualification) | E113: Table 8.1 “Agenda for Change bands for scientific & professional staff” – assumed Band 5 Healthcare Scientist | F113: Non-registered other | G113: 10 | H113: =(B113/60)*G113 -> 7.3333333
A114: Medical Technical Officer | B114: 44 | C114: hourly | D114: Table 8.2.1 “Annual and unit costs for community-based scientific & professional staff” – Cost per working hour (without qualification) | E114: Table 8.1 “Agenda for Change bands for scientific & professional staff” – assumed Band 5 Medical Technical Officer | F114: Non-registered other | G114: 20 | H114: =(B114/60)*G114 -> 14.666667
A115: Clinical Psychologist | B115: 68 | C115: hourly | D115: Table 8.2.1 “Annual and unit costs for community-based scientific & professional staff” – Cost per working hour (without qualification) | E115: Table 12.3.5 “Agenda for Change Bands for Psychologists” – Band 7 Clinical Psychologist | F115: Non-registered other | G115: 20 | H115: =(B115/60)*G115 -> 22.666667
A116: Clinical Assistant | B116: 22984 | C116: annual | D116: Table 12.2.1 “Mean annual basic pay per FTE for non‑medical occupational groupings” – Healthcare assistants and other support staff | F116: Non-registered other | G116: 10 | H116: =(B116/((52*37.5)-217.5-60)/60)*G116 -> 2.2903837 | I116: based on 52 weeks, 37.5hrs pw, annual leave (217.5, based on 29 days which corresponds to NHS employees with 5 to 10 years of service) and bank holidays (8 days)
A117: Health Care Support Worker | B117: 22984 | C117: annual | D117: Table 12.2.1 “Mean annual basic pay per FTE for non‑medical occupational groupings” – Healthcare assistants and other support staff | F117: Non-registered other | G117: 20 | H117: =(B117/((52*37.5)-217.5-60)/60)*G117 -> 4.5807673 | I117: based on 52 weeks, 37.5hrs pw, annual leave (217.5, based on 29 days which corresponds to NHS employees with 5 to 10 years of service) and bank holidays (8 days)
A118: Healthcare Assistant | B118: 22984 | C118: annual | D118: Table 12.2.1 “Mean annual basic pay per FTE for non‑medical occupational groupings” – Healthcare assistants and other support staff | F118: Non-registered other | G118: 10 | H118: =(B118/((52*37.5)-217.5-60)/60)*G118 -> 2.2903837 | I118: based on 52 weeks, 37.5hrs pw, annual leave (217.5, based on 29 days which corresponds to NHS employees with 5 to 10 years of service) and bank holidays (8 days)
A119: Phlebotomist | B119: 22984 | C119: annual | D119: Table 12.2.1 “Mean annual basic pay per FTE for non‑medical occupational groupings” – Healthcare assistants and other support staff | F119: Non-registered other | G119: 10 | H119: =(B119/((52*37.5)-217.5-60)/60)*G119 -> 2.2903837 | I119: based on 52 weeks, 37.5hrs pw, annual leave (217.5, based on 29 days which corresponds to NHS employees with 5 to 10 years of service) and bank holidays (8 days)
A120: Physician Assistant | B120: 22984 | C120: annual | D120: Table 12.2.1 “Mean annual basic pay per FTE for non‑medical occupational groupings” – Healthcare assistants and other support staff | F120: Non-registered other | G120: 20 | H120: =(B120/((52*37.5)-217.5-60)/60)*G120 -> 4.5807673 | I120: based on 52 weeks, 37.5hrs pw, annual leave (217.5, based on 29 days which corresponds to NHS employees with 5 to 10 years of service) and bank holidays (8 days)
A121: Healthcare Cadet | B121: 27214 | C121: annual | D121: Table 12.2.1 “Mean annual basic pay per FTE for non‑medical occupational groupings” – Nursing, midwifery and health visiting learners | F121: Non-registered other | G121: 15 | H121: =(B121/((52*37.5)-217.5-60)/60)*G121 -> 4.0678625 | I121: based on 52 weeks, 37.5hrs pw, annual leave (217.5, based on 29 days which corresponds to NHS employees with 5 to 10 years of service) and bank holidays (8 days)
A122: Student Community Practitioner | B122: 27214 | C122: annual | D122: Table 12.2.1 “Mean annual basic pay per FTE for non‑medical occupational groupings” – Nursing, midwifery and health visiting learners | F122: Non-registered other | G122: 20 | H122: =(B122/((52*37.5)-217.5-60)/60)*G122 -> 5.4238166 | I122: based on 52 weeks, 37.5hrs pw, annual leave (217.5, based on 29 days which corresponds to NHS employees with 5 to 10 years of service) and bank holidays (8 days)
A123: Student Technician | B123: 27214 | C123: annual | D123: Table 12.2.1 “Mean annual basic pay per FTE for non‑medical occupational groupings” – Nursing, midwifery and health visiting learners | F123: Non-registered other | G123: 5 | H123: =(B123/((52*37.5)-217.5-60)/60)*G123 -> 1.3559542 | I123: based on 52 weeks, 37.5hrs pw, annual leave (217.5, based on 29 days which corresponds to NHS employees with 5 to 10 years of service) and bank holidays (8 days)
A124: Dispenser | B124: 30238 | C124: annual | D124: Table 12.2.5 “Mean annual basic pay per FTE for NHS staff groups” – Admin & Clerical | F124: Non-registered other | G124: 20 | H124: =(B124/((52*37.5)-217.5-60)/60)*G124 -> 6.0265072 | I124: based on 52 weeks, 37.5hrs pw, annual leave (217.5, based on 29 days which corresponds to NHS employees with 5 to 10 years of service) and bank holidays (8 days)
A125: Helper/Assistant | B125: 30238 | C125: annual | D125: Table 12.2.5 “Mean annual basic pay per FTE for NHS staff groups” – Admin & Clerical | F125: Non-registered other | G125: 10 | H125: =(B125/((52*37.5)-217.5-60)/60)*G125 -> 3.0132536 | I125: based on 52 weeks, 37.5hrs pw, annual leave (217.5, based on 29 days which corresponds to NHS employees with 5 to 10 years of service) and bank holidays (8 days)
A126: Porter | B126: 30238 | C126: annual | D126: Table 12.2.5 “Mean annual basic pay per FTE for NHS staff groups” – Admin & Clerical | F126: Non-registered other | G126: 2 | H126: =(B126/((52*37.5)-217.5-60)/60)*G126 -> 0.60265072 | I126: based on 52 weeks, 37.5hrs pw, annual leave (217.5, based on 29 days which corresponds to NHS employees with 5 to 10 years of service) and bank holidays (8 days)
A127: Technician - Additional Clinical Services | B127: 30238 | C127: annual | D127: Table 12.2.5 “Mean annual basic pay per FTE for NHS staff groups” – Admin & Clerical | F127: Non-registered other | G127: 5 | H127: =(B127/((52*37.5)-217.5-60)/60)*G127 -> 1.5066268 | I127: based on 52 weeks, 37.5hrs pw, annual leave (217.5, based on 29 days which corresponds to NHS employees with 5 to 10 years of service) and bank holidays (8 days)
A128: Healthcare Science Assistant | B128: 36000 | C128: annual | D128: Table 12.2.1 “Mean annual basic pay per FTE for non‑medical occupational groupings” – Healthcare scientists | F128: Non-registered other | G128: 5 | H128: =(B128/((52*37.5)-217.5-60)/60)*G128 -> 1.793722 | I128: based on 52 weeks, 37.5hrs pw, annual leave (217.5, based on 29 days which corresponds to NHS employees with 5 to 10 years of service) and bank holidays (8 days)
A129: Staff Grade | B129: 3.7 | C129: per minute | D129: Table 9.4.2 “Unit costs for a GP” – Cost per minute of patient contact (without qualification) | F129: Nurse | G129: 15 | H129: =G129*B129 -> 55.5
A130: Enrolled Nurse | B130: 39 | C130: hourly | D130: Table 9.2.1 “Annual and unit costs for qualified nurses” – Cost per working hour (without qualification) | E130: Band 4 from Table 11.2.1 “Agenda for Change (AfC) bands for hospital-based nurses” – mapped title | F130: Nurse | G130: 20 | H130: =(B130/60)*G130 -> 13
A131: Associate Practitioner - Nurse | B131: 47 | C131: hourly | D131: Table 9.2.1 “Annual and unit costs for qualified nurses” – Cost per working hour (without qualification) | E131: Assumed Band 5 from Table 11.2.1 – “Nurse” | F131: Nurse | G131: 15 | H131: =(B131/60)*G131 -> 11.75
A132: Community Nurse | B132: 47 | C132: hourly | D132: Table 9.2.1 “Annual and unit costs for qualified nurses” – Cost per working hour (without qualification) | E132: Band 5 from Table 11.2.1 “Agenda for Change (AfC) bands for hospital-based nurses” – mapped title | F132: Nurse | G132: 20 | H132: =(B132/60)*G132 -> 15.666667
A133: Staff Nurse | B133: 47 | C133: hourly | D133: Table 9.2.1 “Annual and unit costs for qualified nurses” – Cost per working hour (without qualification) | E133: Band 5 from Table 11.2.1 “Agenda for Change (AfC) bands for hospital-based nurses” – mapped title | F133: Nurse | G133: 20 | H133: =(B133/60)*G133 -> 15.666667
A134: Community Mental Health Nurse | B134: 58 | C134: hourly | D134: Table 9.2.1 “Annual and unit costs for qualified nurses” – Cost per working hour (without qualification) | E134: Band 6 from Table 11.2.1 “Agenda for Change (AfC) bands for hospital-based nurses” – mapped title | F134: Nurse | G134: 20 | H134: =(B134/60)*G134 -> 19.333333
A135: Midwife - Sister/Charge Nurse | B135: 58 | C135: hourly | D135: Table 9.2.1 “Annual and unit costs for qualified nurses” – Cost per working hour (without qualification) | E135: Band 6 from Table 11.2.1 “Agenda for Change (AfC) bands for hospital-based nurses” – mapped title | F135: Nurse | G135: 20 | H135: =(B135/60)*G135 -> 19.333333
A136: Sister/Charge Nurse | B136: 58 | C136: hourly | D136: Table 9.2.1 “Annual and unit costs for qualified nurses” – Cost per working hour (without qualification) | E136: Band 6 from Table 11.2.1 “Agenda for Change (AfC) bands for hospital-based nurses” – mapped title | F136: Nurse | G136: 20 | H136: =(B136/60)*G136 -> 19.333333
A137: Specialist Nurse Practitioner | B137: 58 | C137: hourly | D137: Table 9.2.1 “Annual and unit costs for qualified nurses” – Cost per working hour (without qualification) | E137: Band 6 from Table 11.2.1 “Agenda for Change (AfC) bands for hospital-based nurses” – mapped title | F137: Nurse | G137: 30 | H137: =(B137/60)*G137 -> 29
A138: Nurse Manager | B138: 69 | C138: hourly | D138: Table 9.2.1 “Annual and unit costs for qualified nurses” – Cost per working hour (without qualification) | E138: Band 7 from Table 11.2.1 “Agenda for Change (AfC) bands for hospital-based nurses” – mapped title | F138: Nurse | G138: 15 | H138: =(B138/60)*G138 -> 17.25
A139: Modern Matron | B139: 77 | C139: hourly | D139: Table 9.2.1 “Annual and unit costs for qualified nurses” – Cost per working hour (without qualification) | E139: Band 8a from Table 11.2.1 “Agenda for Change (AfC) bands for hospital-based nurses” – mapped title | F139: Nurse | G139: 15 | H139: =(B139/60)*G139 -> 19.25
A140: Nurse Consultant | B140: 105 | C140: hourly | D140: Table 9.2.1 “Annual and unit costs for qualified nurses” – Cost per working hour (without qualification) | E140: Band 8c from Table 11.2.1 “Agenda for Change (AfC) bands for hospital-based nurses” – mapped title | F140: Nurse | G140: 15 | H140: =(B140/60)*G140 -> 26.25
A141: Student District Nurse | B141: 27214 | C141: annual | D141: Table 12.2.1 “Mean annual basic pay per FTE for non‑medical occupational groupings” – Nursing, midwifery and health visiting learners | F141: Nurse | G141: 20 | H141: =(B141/((52*37.5)-217.5-60)/60)*G141 -> 5.4238166 | I141: based on 52 weeks, 37.5hrs pw, annual leave (217.5, based on 29 days which corresponds to NHS employees with 5 to 10 years of service) and bank holidays (8 days)
A142: Student Nurse - Adult Branch | B142: 27214 | C142: annual | D142: Table 12.2.1 “Mean annual basic pay per FTE for non‑medical occupational groupings” – Nursing, midwifery and health visiting learners | F142: Nurse | G142: 20 | H142: =(B142/((52*37.5)-217.5-60)/60)*G142 -> 5.4238166 | I142: based on 52 weeks, 37.5hrs pw, annual leave (217.5, based on 29 days which corresponds to NHS employees with 5 to 10 years of service) and bank holidays (8 days)
A143: Student Practice Nurse | B143: 27214 | C143: annual | D143: Table 12.2.1 “Mean annual basic pay per FTE for non‑medical occupational groupings” – Nursing, midwifery and health visiting learners | F143: Nurse | G143: 20 | H143: =(B143/((52*37.5)-217.5-60)/60)*G143 -> 5.4238166 | I143: based on 52 weeks, 37.5hrs pw, annual leave (217.5, based on 29 days which corresponds to NHS employees with 5 to 10 years of service) and bank holidays (8 days)
A144: Director of Nursing | B144: 90859 | C144: annual | D144: Table 12.2.5 “Mean annual basic pay per FTE for NHS staff groups” – Senior managers | F144: Nurse | G144: 15 | H144: =(B144/((52*37.5)-217.5-60)/60)*G144 -> 13.581315 | I144: based on 52 weeks, 37.5hrs pw, annual leave (217.5, based on 29 days which corresponds to NHS employees with 5 to 10 years of service) and bank holidays (8 days)
A145: Advanced Practitioner | B145: 58 | C145: hourly | D145: Table 9.2.1 “Annual and unit costs for qualified nurses” – Cost per working hour (without qualification) | E145: Band 6 from Table 11.2.1 “Agenda for Change (AfC) bands for hospital-based nurses” – mapped title | F145: Nurse | G145: 20 | H145: =(B145/60)*G145 -> 19.333333 | I145: GF assigned category
A146: Multi Therapist | B146: 68 | C146: hourly | D146: Table 8.2.1 “Annual and unit costs for community-based scientific & professional staff” – Cost per working hour (without qualification) | E146: Table 8.1 “Agenda for Change bands for scientific & professional staff” – assumed Band 7 Senior therapist (multi) | F146: AHP | G146: 20 | H146: =(B146/60)*G146 -> 22.666667 | I146: GF assigned category
...

Sheet omop
A1: specialty_concept_id | B1: concept_name | C1: unit_cost_encounter | D1: category | E1: Note
A2: 38004446 | B2: General Practice | C2: =VLOOKUP(B2,master!$E$2:$F$157,2,FALSE) -> 55.5 | D2: GP | E2: Mean of corresponding source specialties
A3: 38004376 | B3: Community Health Nurse Practitioner | C3: =VLOOKUP(B3,master!$E$2:$F$157,2,FALSE) -> 74 | D3: Non-registered other | E3: same as source
A4: 38004185 | B4: Other Technician | C4: =VLOOKUP(B4,master!$E$2:$F$157,2,FALSE) -> 2.7537942 | D4: Admin | E4: Mean of corresponding source specialties
A5: 38004154 | B5: Registered Record Administrator | C5: =VLOOKUP(B5,master!$E$2:$F$157,2,FALSE) -> 1.627157 | D5: Admin | E5: Mean of corresponding source specialties
A6: 38003781 | B6: Case Manager / Care Coordinator | C6: =VLOOKUP(B6,master!$E$2:$F$157,2,FALSE) -> 7.6376183 | D6: Admin | E6: Mean of corresponding source specialties
A7: 38004370 | B7: Medical Physician Assistant | C7: =VLOOKUP(B7,master!$E$2:$F$157,2,FALSE) -> 4.5807673 | D7: Non-registered other | E7: same as source
A8: 38004512 | B8: Physician Assistant | C8: =VLOOKUP(B8,master!$E$2:$F$157,2,FALSE) -> 23.467788 | D8: Non-registered other | E8: Mean of corresponding source specialties
A9: 0 | B9: No matching concept | C9: =VLOOKUP(B9,master!$E$2:$F$157,2,FALSE) -> 18.607298 | D9: Uncategorised | E9: Mean of corresponding source specialties
A10: 38003722 | B10: Registered Community Health Nurse | C10: =VLOOKUP(B10,master!$E$2:$F$157,2,FALSE) -> 15.666667 | D10: Nurse | E10: same as source
A11: 38003789 | B11: Community Health Worker | C11: =VLOOKUP(B11,master!$E$2:$F$157,2,FALSE) -> 3.0618834 | D11: Service | E11: Mean of corresponding source specialties / category OMOP assigned by GF
A12: 38004390 | B12: Clinical Nurse Specialist | C12: =VLOOKUP(B12,master!$E$2:$F$157,2,FALSE) -> 29 | D12: Nurse | E12: same as source
A13: 38003716 | B13: Registered Nurse | C13: =VLOOKUP(B13,master!$E$2:$F$157,2,FALSE) -> 17.5 | D13: Nurse | E13: Mean of corresponding source specialties
... A37: 38003648 | B37: Mental Retardation and Developmental Disability Psychologist | C37: =VLOOKUP(B37,master!$E$2:$F$157,2,FALSE) -> 0.35506726 | D37: Admin | E37: same as source

Sheet master
A1: specialty_source_value | B1: unit_cost_source | C1: category_source | D1: concept_id_omop | E1: concept_name_omop | F1: unit_cost_omop | G1: category_omop | H1: Notes
A2: Specialist Practitioner | B2: =VLOOKUP(A2,source_cprd_aurum!$A$2:$H$158,8,FALSE) -> 14.5 | C2: =VLOOKUP(A2,source_cprd_aurum!$A$2:$F$158,6,FALSE) -> AHP | D2: 38003794 | E2: Specialist | F2: 35.944444 | G2: Non-registered other | H2: Mean of corresponding source specialties / Category OMOP assigned by GF | I2: =B2-F2 -> -21.444444
A3: Healthcare Assistant | B3: =VLOOKUP(A3,source_cprd_aurum!$A$2:$H$158,8,FALSE) -> 2.2903837 | C3: =VLOOKUP(A3,source_cprd_aurum!$A$2:$F$158,6,FALSE) -> Non-registered other | D3: 38004512 | E3: Physician Assistant | F3: 23.467788 | G3: Non-registered other | H3: Mean of corresponding source specialties | I3: =B3-F3 -> -21.177404
A4: Physician Assistant | B4: =VLOOKUP(A4,source_cprd_aurum!$A$2:$H$158,8,FALSE) -> 4.5807673 | C4: =VLOOKUP(A4,source_cprd_aurum!$A$2:$F$158,6,FALSE) -> Non-registered other | D4: 38004512 | E4: Physician Assistant | F4: 23.467788 | G4: Non-registered other | H4: Mean of corresponding source specialties | I4: =B4-F4 -> -18.88702
A5: Appointments Clerk | B5: =VLOOKUP(A5,source_cprd_aurum!$A$2:$H$158,8,FALSE) -> 0.30132536 | C5: =VLOOKUP(A5,source_cprd_aurum!$A$2:$F$158,6,FALSE) -> Admin | D5: 0 | E5: No matching concept | F5: 18.607298 | G5: Uncategorised | H5: Mean of corresponding source specialties | I5: =B5-F5 -> -18.305973
A6: Clinical Application Administrator | B6: =VLOOKUP(A6,source_cprd_aurum!$A$2:$H$158,8,FALSE) -> 0.30132536 | C6: =VLOOKUP(A6,source_cprd_aurum!$A$2:$F$158,6,FALSE) -> Admin | D6: 0 | E6: No matching concept | F6: 18.607298 | G6: Uncategorised | H6: Mean of corresponding source specialties | I6: =B6-F6 -> -18.305973
A7: Network Administrator | B7: =VLOOKUP(A7,source_cprd_aurum!$A$2:$H$158,8,FALSE) -> 0.30132536 | C7: =VLOOKUP(A7,source_cprd_aurum!$A$2:$F$158,6,FALSE) -> Admin | D7: 0 | E7: No matching concept | F7: 18.607298 | G7: Uncategorised | H7: Mean of corresponding source specialties | I7: =B7-F7 -> -18.305973
A8: Technician - Admin & Clerical | B8: =VLOOKUP(A8,source_cprd_aurum!$A$2:$H$158,8,FALSE) -> 0.30132536 | C8: =VLOOKUP(A8,source_cprd_aurum!$A$2:$F$158,6,FALSE) -> Admin | D8: 0 | E8: No matching concept | F8: 18.607298 | G8: Uncategorised | H8: Mean of corresponding source specialties | I8: =B8-F8 -> -18.305973
A9: Availability Monitor | B9: =VLOOKUP(A9,source_cprd_aurum!$A$2:$H$158,8,FALSE) -> 0.30132536 | C9: =VLOOKUP(A9,source_cprd_aurum!$A$2:$F$158,6,FALSE) -> Admin | D9: 0 | E9: No matching concept | F9: 18.607298 | G9: Uncategorised | H9: Mean of corresponding source specialties | I9: =B9-F9 -> -18.305973
A10: Helpdesk Technician | B10: =VLOOKUP(A10,source_cprd_aurum!$A$2:$H$158,8,FALSE) -> 0.30132536 | C10: =VLOOKUP(A10,source_cprd_aurum!$A$2:$F$158,6,FALSE) -> Admin | D10: 0 | E10: No matching concept | F10: 18.607298 | G10: Uncategorised | H10: Mean of corresponding source specialties | I10: =B10-F10 -> -18.305973
A11: Information Officer | B11: =VLOOKUP(A11,source_cprd_aurum!$A$2:$H$158,8,FALSE) -> 0.30132536 | C11: =VLOOKUP(A11,source_cprd_aurum!$A$2:$F$158,6,FALSE) -> Admin | D11: 0 | E11: No matching concept | F11: 18.607298 | G11: Uncategorised | H11: Mean of corresponding source specialties | I11: =B11-F11 -> -18.305973
A12: Medical Records Manager | B12: =VLOOKUP(A12,source_cprd_aurum!$A$2:$H$158,8,FALSE) -> 0.30132536 | C12: =VLOOKUP(A12,source_cprd_aurum!$A$2:$F$158,6,FALSE) -> Admin | D12: 0 | E12: No matching concept | F12: 18.607298 | G12: Uncategorised | H12: Mean of corresponding source specialties | I12: =B12-F12 -> -18.305973
A13: Network Technician | B13: =VLOOKUP(A13,source_cprd_aurum!$A$2:$H$158,8,FALSE) -> 0.30132536 | C13: =VLOOKUP(A13,source_cprd_aurum!$A$2:$F$158,6,FALSE) -> Admin | D13: 0 | E13: No matching concept | F13: 18.607298 | G13: Uncategorised | H13: Mean of corresponding source specialties | I13: =B13-F13 -> -18.305973
... A157: Radiologist | B157: =VLOOKUP(A157,source_cprd_aurum!$A$2:$H$158,8,FALSE) -> 74 | C157: =VLOOKUP(A157,source_cprd_aurum!$A$2:$F$158,6,FALSE) -> AHP | D157: 0 | E157: No matching concept | F157: 18.607298 | G157: Uncategorised | H157: Mean of corresponding source specialties | I157: =B157-F157 -> 55.392702

Sheet notes
D2: I derived a list of specialties for each datasets for the visits in the study period
D4: Code used for extraction (Source-cprd) | O4: Code used for extraction (OMOP)
D7: validation_staff <- my_dm$`validation_staff` %>% collect() | O7: visit_data_study_period <- cdm$visit_detail %>%
D8: validation_consultation <- my_dm$`validation_consultation` %>% collect() %>% | O8: # Filter for only primary care visits
D9: # Filter such that we have the visits between the study start and study end dates | O9: dplyr::filter(visit_detail_concept_id == 581477) %>%
D10: filter(consdate >= study_start_date & consdate <= study_end_date) | O10: dplyr::inner_join(cdm$provider) %>%
O11: dplyr::filter(visit_detail_start_date >= study_start_date & # include only visits in the study period
O12: visit_detail_start_date <= study_end_date) %>% compute()
D13: visit_data_study_period <- inner_join (validation_consultation, validation_staff ,
D14: by = "staffid")
O15: specialty_freq <- visit_data_study_period %>%
D16: specialty_freq <- visit_data_study_period %>% | O16: group_by(specialty_concept_id) %>%
D17: count(description) %>% | O17: summarise(n = n()) %>%
D18: mutate( | O18: mutate(percent = round(100 * n / sum(n), 1)) %>%
D19: percent = round(100 * n / sum(n), 1) | O19: left_join(cdm$concept, by = c("specialty_concept_id" = "concept_id")) %>%
D20: ) %>% | O20: select(specialty_concept_id, concept_name, n, percent) %>%
D21: arrange(desc(n)) | O21: arrange(desc(n)) %>%
O22: collect()
D23: library(rio)
D24: export(specialty_freq, "specialty_frequency_whole_cprd_source_study_period.xlsx")
D27: Assumptions
D28: Costing was performed using the specialty categories from the source CPRD data, with unit values listed in the source_cprd sheet.
D29: OMOP specialty_concept_ids were assigned costs based on their corresponding CPRD specialties.
D30: When multiple CPRD specialties mapped to the same concept ID, an average cost was used.
D31: For source specialties that could not be mapped to a concept ID (i.e., unmatched), an average of all CPRD specialty costs was applied.
D32: In the master sheet there are values for source and omop side to side
